,x1,x2,y
0,-0.252695092045224,-2.5701322401670064,9.389509963372308
1,-2.1091025087939688,-2.1954312974450136,10.44607428074157
2,-1.2222156477665802,-1.0400068846139394,5.123223403260054
3,-2.6432881227621587,0.7686214654756531,1.0006681225208407
4,3.2302392636612662,2.6351994713715143,17.79748887482716
5,0.9640567036836281,-0.9452534067002665,1.4161592961415201
6,-2.2068849109154764,-1.8467833485394076,6.3248636002176815
7,-3.720867591030088,3.393462495048113,16.276181081292048
8,-4.769561986668705,1.2012920749867986,5.222933651392672
9,-4.880995880955602,2.6685660628706813,13.445885140499156
10,3.0632317623335297,5.630295434760875,60.444592430623345
11,4.502628975498643,1.6040907833694176,13.741837931875763
12,3.9138266699255926,5.7166380602435805,63.80747533412832
13,2.888050649916865,3.7589799476481884,29.12621524334163
14,1.0646944493988677,6.201996487492028,60.50800254825725
15,1.0528471417484067,2.9968625905777966,14.109124712432902
16,-1.1482960327416816,-0.1494230546094819,0.04473124106758587
17,-3.8064166475320205,0.0855412037906138,3.821620112491019
18,-0.9694802833036809,5.333623470375354,41.08200173231815
19,-4.258711854442,4.477239222139152,28.36929293049714
20,-0.2630535849023268,5.130152513911993,39.7973627081368
21,-3.4952404053813266,2.8902300526409235,11.35526996065844
22,-3.708977693636162,-1.0405770297814105,7.5944378312565295
23,-1.8747000189180696,5.5666719940268425,42.85705881065392
24,2.8831787949710375,5.375155385439799,52.608835383605786
25,3.670983838849084,4.779908741314974,48.06689642804485
26,4.77411081027048,1.6358162700246215,12.762274581351253
27,0.9702776236724153,-1.3461439857409625,2.5916220454154915
28,-2.4701067665431777,2.2765801351822095,6.578667666490874
29,-4.105554520619192,-1.632340382819298,10.916174577355566
30,2.2511934939232923,5.833084029303686,57.88156157163545
31,-3.292072883342451,5.736656521894988,43.814251277885965
32,-3.662949893750577,1.8073824517400388,4.978852887418812
33,0.858938879007729,3.962362994132013,27.19880149020438
34,-1.5639771502299271,5.5260894167427,44.40687253529677
35,2.326651660165351,-0.9620491059983411,3.920263425548949
36,-0.37454724133763495,1.9760697991470622,6.723258162910236
37,-0.98391858393975,0.4029791134879739,-0.811287283564735
38,-1.9562465726858855,-2.2133201032024226,11.222860609701735
39,-2.753268925418687,5.015135275886118,33.298900647754394
40,3.474793575514619,3.4873782654286156,26.524773626178863
41,-0.22569973762451667,2.1279529219771476,5.31506865862568
42,-0.963984163884728,3.8617089511605123,20.05736507859804
43,3.2386304528876337,2.013955104096306,13.408288694391159
44,0.16045277925421075,2.9534268936827655,11.288924248076686
45,3.08135026274649,-0.754773374355671,2.1658571432570133
46,-3.9630463114176573,-0.42757229641856753,5.105596551132001
47,1.7645648425889071,0.8252642443899987,3.0130853382616882
48,-0.077920492583063,2.5695079101867346,9.579892329806015
49,-0.5922230631772143,6.785329957383279,68.973588321707
50,1.137095524405444,1.4213297753340584,4.434728593769881
51,4.218265392708322,-2.4191435933117393,10.523321332913229
52,-4.338316275705646,5.2224682486410465,37.07023652254359
53,4.264988682906601,-0.21370033284362,3.871517611295335
54,2.831395727404553,2.0560258701588303,14.713044985853166
55,-0.40612376484465784,1.6445971436459086,3.57915390835953
56,2.5065402339933183,1.0404468945591079,5.592669850560654
57,-1.5613973266862944,4.924060315641771,33.356132403213174
58,0.8405452698182359,0.03278297716192391,-0.8170897010148314
59,4.8211560231174335,-0.06815266935107767,6.681701602283599
60,3.8857561981433726,1.848406178098573,12.366082425934236
61,-3.169795865856572,5.847821182523996,46.73807198999417
62,-0.42204170458361556,-2.428497982543438,7.929582736659795
63,4.926808156011251,5.428897424532547,62.19066845101714
64,-3.3562735900168805,-0.12168412531000694,1.7531412921843328
65,-0.3198125913249674,4.306031664251299,28.60835166854642
66,2.0022761929147324,-1.949402409973155,5.715765256869168
67,-3.126203153696957,4.5688260843575685,28.571816374469872
68,2.1121384859971073,6.015125933839807,60.76554076827605
69,0.2057644740599951,-2.5390306528710345,10.181553746568303
70,-0.046258641608625695,6.729593849060198,66.78614202497177
71,-1.2068778541792078,6.018030890993815,52.04544059475952
72,2.254042391178041,4.555725452013007,36.514482115457554
73,-1.889969023062351,6.736899700615245,62.80997435809508
74,-0.2886744961088503,5.211422015382725,39.24400095994794
75,-3.296323216332869,-0.8589155979528513,4.881401361744733
76,3.331535039476014,0.2164151098439242,4.124368587127834
77,1.0750557917290102,2.8009206031554843,13.004718376943519
78,-2.123167474669331,3.810606086505137,18.094370946901527
79,1.8632767934536334,3.7692597019091947,23.988126236336626
80,4.959321692544284,6.084708910051681,76.71738815878093
81,0.16316424669235907,0.9783590561318007,3.4687821050588994
82,-0.3301625808582509,5.784690863595653,48.35870526905597
83,4.9223884257691655,6.661123863631637,87.44641553543333
84,-0.9208460412142738,4.2412549402607045,25.85723926307145
85,-4.016494460186034,0.6355376786851235,4.271344432124611
86,4.042279101772781,1.1738099739080354,9.69502233985579
87,2.399174720026207,-2.330742120796182,7.983636539639974
88,-4.108544947700128,5.064636841586998,33.379986511444315
89,0.16048873108310513,2.0411316618452906,8.574723603057343
90,2.573715558740661,-1.2083566507001726,3.3257247875520397
91,-2.992393292543717,1.7336796052468957,5.300663801828334
92,3.5946135349942026,2.9856097446550427,23.930943521572182
93,-0.4701733381629749,4.415582933498301,28.835857831150367
94,4.915615007741952,3.363544687244228,29.420775198466337
95,4.799913783188693,-2.250019661565535,10.834170220483427
96,2.56903589322188,-1.197226436291184,4.41900931170862
97,-2.8966585918008505,-2.450554874708997,13.995066069156236
98,-1.972090491041513,-2.7038143766625717,13.039381215771177
99,4.730841369697224,-1.45593654895197,6.197484374051583
100,1.3594459605981415,3.6986120775020606,23.00848075761195
101,-1.8854188000758167,-1.5436140763246993,5.965192866221809
102,-2.8197267785694846,-1.8355877683795414,8.52973880805353
103,-1.3273969728333834,1.6729521899899193,3.626333648641933
104,3.6412674259416846,-1.407670309673847,3.3760740947715933
105,0.3799082211303437,2.500804281581587,9.870644813211173
106,3.554164973811476,6.08317587249986,68.40927694176783
107,-1.210196330066772,4.572114443514437,27.766349431509497
108,0.944005573433472,5.804738018251937,54.35154176336806
109,-3.429329590522915,5.949000421233796,47.16146568185169
110,3.9585702445233135,4.32266995111107,40.76203897420473
111,-4.287504653417652,3.100698967064206,13.73293270009955
112,3.2422532928919363,0.2617225081934107,3.8462319867114756
113,-0.44634566234220774,6.844481761587085,69.38860980864669
114,-3.462895871231911,2.1109391450422734,6.538405704493374
115,3.3955644470432276,0.3098191700100541,2.071289953214647
116,1.601859283981046,-2.756123618426633,12.40109169352769
117,4.954110341551299,6.045661880738978,74.62004542452775
118,1.4648013924924141,-2.973028081728883,11.340595303405525
119,-1.990265051330132,-1.182480157695321,3.5579147643124824
120,1.600330042737582,0.32836912315555455,1.0366322821149898
121,-2.3336086223628447,0.2988396547821033,-0.5323843780773674
122,-4.360434276300671,4.589500075031222,29.30015029921993
123,-4.597220020338492,3.8195236024589567,20.12312391956177
124,-3.838605574241938,-0.7672911351036165,5.210734130887322
125,0.9742119745842643,6.348089882557037,64.48896146047434
126,0.19092926691751355,6.122821259214275,56.833013185484766
127,2.5475124377504033,3.5291536542205435,25.38803112361433
128,-4.760324949168741,-0.09387482492606525,6.205664425586597
129,-4.366711579774165,4.331977068828939,25.545200534001957
130,-0.2857914233793988,3.6600892009295274,20.05156269385931
131,2.0988192638721017,0.8485729897677223,2.796001191623042
132,-0.9629452720272758,5.300871195178788,39.54343085388502
133,-4.412129019629649,0.19691345926568893,6.124260931054046
134,-4.470090224403378,1.1779030170701308,6.713844893608986
135,3.2993883699488507,-2.9554859387015524,11.416603956704996
136,-0.33071810000838653,4.327912214392409,25.494876627888686
137,-3.0631632851332746,0.9377369664011699,0.7522241114230099
138,4.032785659196858,1.1407935837601801,7.984584504003167
139,-2.1171810816286865,2.2001767087838378,7.298386446185903
140,-1.0267995247900172,0.26874512119787486,0.1418493290700648
141,-0.42287864767993,-0.9158840924945864,0.33822656133080997
142,-2.9799654076604165,-2.396487745067642,15.50816275223469
143,0.9986286215050102,-0.21722058561889668,-0.5833916515404265
144,0.6790609643167711,-2.5970614520335595,10.18203370837142
145,-0.9746902561807058,3.46925788891878,16.701065311401543
146,4.0316418372990785,1.4971296142103014,9.749991608751403
147,-3.519457603229428,-2.170187392583534,12.65445356783767
148,-2.4818871933989284,-1.7387749240660284,7.59441866557121
149,-1.0621327245699819,-2.071621910147465,4.549225045706932
150,-4.424566963335462,-2.31881000664178,18.494809140483973
151,3.0460319291347524,6.117629083139256,67.68537782338795
152,-1.4141570867438658,5.752881145559945,47.77736418582306
153,3.9720137679092566,-0.5811411391104357,3.6790361247976366
154,-0.6126487614039888,5.039207474497603,37.31624194290924
155,-1.8092263989790935,4.6754086479701025,29.174376735283772
156,4.551875438982108,0.9269602948537816,7.633438282278937
157,-0.357777439071425,6.627676053836176,64.97182326940516
158,4.470728352441581,-1.3242449011090947,6.01627235906255
159,3.2789128498212747,5.962261005497872,66.75984179345264
160,2.543957048207421,2.7909566353470474,19.58613451969602
161,4.9729202864480975,5.849092991543575,70.6382913069978
162,1.2198699771144348,-1.1218685358645537,1.5610881836805395
163,-1.7519682624595614,-1.0681374340238377,1.434218199791312
164,0.670061390363843,5.663420056541005,51.16633425382052
165,-3.5114449920177835,2.303038503160465,8.363284099050981
166,-3.503820795865887,3.01851874084383,13.112853877501802
167,-1.9246113993566318,5.538997784900372,42.62639045880819
168,4.665554296638234,-1.152172760921631,3.889134965312488
169,-0.6988657968937897,-0.9936747703637048,2.027606741419632
170,-4.348413861716992,2.877494107993247,12.770464886199484
171,1.5610988376518256,6.966494984355991,79.85180740884039
172,1.0885503081360914,2.6563204112956376,12.121671380165349
173,-2.7688283500598576,2.1937518970542715,7.083756859271319
174,1.3848876139972157,5.795928922180984,54.55902674937225
175,3.073315792294107,-0.6552188029304635,2.4074708597503816
176,-1.6860922459908592,4.325092983885334,25.655397370757292
177,4.468582016157738,6.756510534340686,90.95594114795436
178,4.815502395064259,4.774029447705782,49.79387348255871
179,0.10111144838022312,6.708353295960261,69.58334770693843
180,2.202505186759545,6.781489840568598,79.12141569285534
181,1.324026489017955,-0.1848878276487973,-0.4434353811148407
182,1.3152384490764835,3.2339426570489938,19.844744347213958
183,-4.459297935017856,-2.319044139677921,19.62017781937567
184,0.8831685749416174,4.310311393645335,30.64736140052546
185,-2.336016960832831,2.1916598191780716,5.0358132983660004
186,0.8810144709164156,1.120471088785763,2.80722059036126
187,0.7334013904406786,6.164311406590089,59.26685642747992
188,-2.0895478702267143,6.217572384946228,53.76603465693888
189,-2.8436275156671167,0.05341052853314032,0.8761423552318702
190,1.4939010325783553,3.6915344159423027,24.311098103699656
191,-3.506194046997404,3.521254681795038,15.9943259539761
192,4.859699380312264,3.9508999875190884,38.33329041325444
193,-0.054058088931244974,6.137505703427992,56.40157238333107
194,-3.100151731786341,-0.49317834121213355,2.4983028735826838
195,0.3015009271595126,-2.898831486096329,13.927496555514773
196,2.056664535802213,-2.607248405774944,9.656645698842047
197,4.04509053661338,-0.7710916019013476,4.933704947970089
198,2.996867026685236,-0.8224602872788465,3.642348974841504
199,-2.7504570103826875,6.347749638329322,53.786894534537964
200,-4.196968518302051,3.7175785948238778,18.831198893433676
201,3.5470914416320696,3.350076482939212,26.157656711456795
202,0.9606681492691962,-0.6530560589646668,0.06331929387940405
203,-2.000165605861328,-2.279233390741192,12.29578832308115
204,-3.962932098064144,4.942490908036866,31.853593390915197
205,-4.555273340923912,-0.9779168853012852,10.45029231926414
206,1.4285956891132372,6.390113463741507,66.87279293601925
207,-1.1851106443593586,-0.5707049323532019,0.6610593836387607
208,-4.336833748198201,1.7770801166693602,6.367352805857853
209,3.2690341404594143,5.694156271099075,62.569251639404314
210,-1.277194025971685,5.298306423325567,41.16599615877735
211,0.7330201270142354,-0.027959973539392724,-1.992441234072151
212,0.8838655106600823,0.2519064962814537,-0.5023627109046742
213,2.7179417371547485,6.574652068852101,75.35529988558697
214,0.34810833100292093,2.7051384131574148,12.005056761756459
215,-3.2761026276589655,2.1094593187421813,5.323714931661015
216,2.7072240598280564,6.3420549761139675,72.94405674851279
217,-2.3594574286152916,-1.6042102624657502,7.501606666886838
218,-1.3007925006492904,0.6237438051873005,0.6684435798298927
219,2.525032510766156,0.44677659572987594,2.3423579969916215
220,-3.2729906980018986,2.815956131945441,11.143327771012384
221,4.996871614111484,1.0234906081713904,9.970973007789498
222,-2.2279212624656095,-1.7745536835092164,7.838581423875433
223,0.18974761634549253,-1.8527947828388032,5.82219484706945
224,-4.837075930527152,1.913330356816621,10.097957031004004
225,-4.410318830720961,1.573508181595189,8.15852999633931
226,-1.0878436342092987,5.043978957201695,38.3703224655654
227,3.4367879981962126,0.08103825434272593,3.9399418553259578
228,-0.0052213518835966255,-0.8793821093711989,0.5975570968586316
229,-0.8787610472831364,-1.0040099977274437,3.3350407473686756
230,-2.581634511416971,3.6581254135617787,17.838630809622785
231,-4.836611516200726,1.872059778614915,8.761713479219049
232,2.2925192305287876,-2.1495744454453654,6.356702487351695
233,0.007516272529613843,0.00902585750323226,-2.408708865291599
234,0.8456093696935083,4.267404998759575,29.553549733050694
235,2.2992785929709934,2.736811596738246,16.2295410335984
236,0.6849271075344667,2.39566194288329,8.869393582826822
237,2.189188686871905,1.5861245184254997,6.530424092000295
238,3.3545922911810653,2.118317860438456,12.26470760572674
239,0.15836561966176177,0.46017860190464344,1.0320676905260866
240,4.7109947278163204,3.5306666281777677,31.450808871386187
241,-4.140433941074686,-0.2597685036007431,4.703186372665001
242,3.960345913647693,3.323550976391788,26.03967977490147
243,-2.318413090665353,4.421883109091235,25.589019716462417
244,-4.317047520929135,2.7633228205714975,12.891832721569292
245,4.190698924295766,5.704002889502258,63.893692344563895
246,3.006227813328053,2.5413926694480313,16.654756647261827
247,-4.541356517333749,3.0903093564903132,14.60782994578909
248,-0.895547763577059,-0.12424508860759254,-0.9578235591754428
249,3.489295816072712,4.367852259441343,39.116507392053315
250,2.9158544098010966,-2.427369721514609,7.575964306704554
251,1.9618101437635103,2.8514821765000082,16.437491118062493
252,0.2672630291123408,0.16612327795428605,1.493848981264819
253,-4.047921427228046,-2.2862398726126383,15.979205321207218
254,-3.418304968428958,6.676975851881824,60.92285375618308
255,-1.4522205400062491,2.231296998815848,6.115360469269804
256,-4.505013901015552,6.541682693362878,56.276145901338474
257,0.22166471117234554,0.44518466251343547,-0.3050407486172689
258,-4.372647970555842,6.976358733655834,65.16977182565427
259,4.275594580261707,6.874328813976465,90.07653437710304
260,-1.170954164045935,-2.1663272845705213,7.951464762391523
261,0.6002138927973366,6.524676209511666,65.99464052240411
262,2.137238617478145,6.223324776767248,67.46479793749575
263,2.555967874910583,4.617001901611038,39.9904818393761
264,0.5210584012356012,5.402489818880435,45.850604322213044
265,3.6155605835314457,6.0619919279410635,67.97502174637766
266,0.839411736593549,5.129647987724255,41.922836971582214
267,-2.0425189318271766,-0.5230663320089786,-0.09602700047773371
268,4.718844965709897,3.1802107914228177,26.786382649542816
269,0.7247301851411025,4.125782047907619,27.410863141231335
270,0.514208406166996,1.5426089294597025,3.3508718892763882
271,2.13776224131058,0.7263643575896586,3.0927199056539743
272,-1.295982333209941,3.185188139435952,13.647870228966895
273,-3.065294172898707,4.429801801205227,26.734782882353493
274,1.5113787684722375,3.1228714949067617,17.72890164284754
275,-4.166215385891122,0.3794054251430139,4.285835094965516
276,-2.1259391696666965,1.8695303547311983,5.86003623551116
277,-1.2258182248976768,3.25393706254588,15.503237096798978
278,3.2398616620781837,-1.2723771988504524,2.2559957741290644
279,3.250198154099314,1.2057843245332673,8.678975488942827
280,-0.4225163606964255,5.085524447024866,36.818161237692856
281,0.30051394521689456,-1.4358976447319733,2.0406182637102845
282,3.728107353824429,0.021270825359595236,3.7580952027290047
283,-1.7947769595780585,0.514557069736155,0.7190302604286167
284,3.051239072005906,5.36746869113867,54.39087332323311
285,0.3924857258589265,4.478289022482261,32.25825810702354
286,-2.8508808446588185,3.9791999462364176,19.87274038537146
287,-3.529623429492993,2.4506431724281557,8.273123632185099
288,-4.181579708488928,6.168190564749086,51.063808957385156
289,-4.208251513109006,0.8140593833607483,3.989044720532401
290,-2.57756830679462,6.220422122733785,52.47102987614116
291,-3.5119521600376458,-1.4640173202827829,8.365966531353296
292,-4.667902554574798,5.55254698208641,41.63382926459953
293,1.3943202289380272,0.9373509092507195,1.8890043369526093
294,2.663220158328196,-2.855870997113043,11.96226438871083
295,3.3774207601125212,0.7275605396172438,6.110583617532375
296,-3.1063693520474676,-0.20144866541858963,3.2310789296929068
297,3.212043392729992,3.069582044758663,23.880554332509764
298,-1.6778461504225382,4.387442098884993,27.21679043593585
299,-3.779369585139073,4.569359649768091,29.52304360842717
300,-3.426649856446545,4.6755897863181985,27.469527741931927
301,-3.8944375816214816,2.062875550509858,7.274921166629354
302,-3.6671431641044974,-0.518661509015514,3.6292090365892498
303,0.49196112495033617,2.271917200623668,10.641874217805313
304,-1.761212869150821,-2.242123015668642,9.790700764291827
305,-1.7376117904067634,0.049059741140616175,0.2885411193908628
306,2.8015491417241867,0.06963253701268313,3.1770116342272194
307,3.681141868926371,-1.5815310123568167,5.044838905214502
308,3.5960690667910136,2.6196553539728322,17.86738467577393
309,1.6808235573498465,-2.7601321842759137,9.93616296513956
310,2.753160063871576,-2.639180204819431,10.19248682964282
311,-4.536435261353603,4.52507245802895,28.513112161190925
312,-2.682088185438002,-2.971302346676164,17.872920529284077
313,-1.5840778993044502,-0.8398013685435117,2.158668019650112
314,-4.7256178869813015,4.9991715808196915,33.754035821704186
315,-4.760643925399169,3.039569659621802,14.758620268316612
316,2.420809516959956,1.492787710080517,7.566016486826487
317,-2.9534404604136197,-2.0218395417702,12.257499086794471
318,3.8382803637912737,-2.1726586798463106,7.975803127679147
319,-1.7906786459011936,4.20011385789209,24.25251625671022
320,1.9302334537051733,-0.48879708394620014,0.5339804923931851
321,2.721455140111738,4.817176464316268,46.46763430510794
322,1.3866287623426228,-0.520676489774758,0.17185538388614852
323,-3.503909259301502,3.830836601715551,19.409375723130246
324,-2.8892357978296515,0.19918989051516256,1.8618035169388278
325,3.2120707624467517,5.2524184541516235,52.40887600633398
326,-1.0204653581142953,1.0500517005847803,1.69331203719313
327,3.452851719513209,6.6181953182397315,80.66724981433447
328,-3.1616896625234703,-2.0286860630750976,11.716903060915117
329,-4.2415126480032415,2.372578015387602,9.83704323100452
330,4.068820991381509,2.3333007128050083,15.861403408497287
331,4.930466277164246,4.781827050681963,50.053833293459775
332,-2.4470520446365973,6.039293318830596,49.830820897188346
333,-1.0767635214807592,-0.3745138244361339,-0.4906559571253147
334,-1.5908562307276073,4.0062072498055965,21.54768029665968
335,0.7627762166633731,3.608949817853633,20.980857040118917
336,-2.227403890053737,6.96707927676675,66.00784833908254
337,4.996098428843288,6.868802966703106,93.33662827776432
338,-4.737471622169428,-0.024943152040423744,7.04693307857139
339,-0.7140451766265183,6.423073099229738,61.145538151035296
340,4.522079136118913,-2.6031973896691403,13.138215726881265
341,3.4622416293735565,6.000796621484376,68.74196643640774
342,3.7929234353720336,6.177327974557951,72.05853428266862
343,-0.09127150424288022,-0.6018569183488061,0.36056525994094835
344,4.547026959780732,-0.8143859353261202,5.679874190961898
345,-0.7912083391402636,-2.100189597968489,6.450857954440331
346,-1.798864779887218,5.789362653380477,48.39726567981959
347,-4.802814824592975,-0.3902158926851236,7.316929339853916
348,-4.224181132779053,-1.331986172228446,8.87247033690911
349,-4.856626453040577,-0.3978910491928209,9.489667475093855
350,-4.252823800399455,-2.840337046191899,21.48710120308557
351,2.889696231007246,4.899631357622804,45.79779520739948
352,2.0299994438783546,2.5628621794293096,13.954050100275918
353,-2.2002579378075504,4.131721262035311,23.80163760833199
354,-0.9765883382610676,1.1476399729935913,0.7694137985759322
355,-0.11712815026997525,-2.2242722561082946,5.776675649538522
356,-2.1931110086211114,-2.554716388915124,11.89107718970657
357,-0.44885330382002486,0.9249589420562248,2.4880066663460436
358,1.5658470910359448,-2.158770540904899,6.086392112776036
359,4.085707829471124,2.3283085991425683,16.294589810176515
360,-1.06137699451501,6.540658399733138,62.70685279703637
361,2.1882984755175485,6.041456414625667,64.1496552273494
362,-1.8851622298541915,-2.28021514769116,10.885258649603783
363,0.12297486319561379,3.7344780575417005,22.1172633117108
364,-1.7588141513802191,6.379006933905142,57.61268705010152
365,2.53121046877607,0.19878442616594683,2.03839477672766
366,-0.44090341942629596,5.3671861866779444,41.195991389073505
367,-2.824207357867019,-0.9911056670497729,4.925854089766807
368,3.8277795184413623,5.679701727052146,62.52198167508306
369,1.4620009787130943,4.987221294635579,41.29824722573234
370,1.2941551326218121,6.6838227959084655,71.03541772228843
371,4.914089381775318,5.535079092034424,65.04535327796356
372,-2.404544791935048,3.9613886265356175,20.64582001400416
373,3.896517699598789,5.239720364791763,54.9821947349351
374,0.5832172244525715,-2.1525689572884517,5.675714077245228
375,-1.886233356685778,4.638592346030169,28.911836758999492
376,-1.363326486961356,3.031145790080945,12.415066177751795
377,-1.0600262824951234,2.2322926270655525,6.022501855967834
378,-3.185700211239678,0.9268801219686655,3.078491707996126
379,4.807064307556709,-2.189414438931629,9.468478644410347
380,4.560361789820288,-1.0897692810068755,6.250923783368279
381,2.268040316804046,-0.3365907596088209,2.6012048969943184
382,3.598154879657722,0.8021580644364681,5.142999172119507
383,1.0267366202714552,1.6148598785104085,5.755430737906017
384,2.6763208253163064,4.6348968501703744,39.55184474325768
385,-0.9317058509927056,6.246708430565727,55.87765271574977
386,1.7850015056142414,-0.6904936213439035,1.1939248560532663
387,4.642167311160911,4.498694578458691,46.0718165450027
388,-2.274958613573008,5.876072174907723,46.779695846631896
389,-2.7384817891364843,5.566014433419424,42.87157930210931
390,0.7149437818600557,-2.571639495346119,8.755350402230373
391,-1.9519682247002015,-2.343172899871287,9.362181865504528
392,-2.0534212643617966,-0.2887995483267485,0.31109144060140304
393,4.73532333155862,2.7956813258163447,23.551932147670207
394,0.39879791491223493,-0.13669271912906522,-0.644941579889792
395,3.6447073407724453,3.3330993307403958,27.34941668019125
396,2.2098316327883243,-0.7001784711734391,1.4543172382833869
397,3.385719386620213,1.5523325613453078,10.949530778607413
398,4.290184822438514,2.0479440431630342,14.209704395960715
399,-2.1941588092041675,6.449037420994493,56.553253077581616
400,-2.575516146583002,3.6659387295587367,16.045632804046868
401,-2.434350594834288,4.304218254239309,25.95200735687185
402,0.3534135869324109,5.814349245627012,51.557212130762665
403,-4.348205147741671,3.4201383160884813,16.460297275934693
404,1.9385224120078304,1.2251393336293184,5.823528628583014
405,0.4388268258640995,2.2903641396357557,9.383354891813308
406,3.699355962903585,0.2679527412975773,5.370204154356849
407,0.032610815285528894,5.958876034633521,51.92850980827465
408,-4.843588841675617,5.367808499631007,39.513555987468536
409,1.8118173679611562,0.09138826227111174,2.5675483137127557
410,0.27129197073046374,1.3833835735522566,3.0909808901577582
411,1.9577648577832454,0.4479188791018487,0.9345654576619162
412,-0.30351838505468987,0.980139425702105,1.439574644076188
413,-1.4748553552833643,0.4965204267473826,0.9881634862357578
414,-0.2536111861752506,6.508747967888706,63.258565860939214
415,0.023422607561506048,5.502508727251996,46.28795285310181
416,-2.667286813382146,5.358140589409283,37.4447058344205
417,1.4097881987393688,2.4083639083749855,10.052165572939765
418,-3.7171618506583326,-2.1054782655161013,15.463395305187044
419,-3.4907679183648996,-2.3372705570583947,14.769865309253747
420,-3.40516235543324,6.73816587169625,60.41381658007998
421,2.7836834563616755,-2.685508399406232,10.438569868088267
422,-3.5442969973156657,-1.858574112515003,10.018969945297691
423,-1.060457906901214,5.360340673561215,41.376654541241365
424,1.6844121366600442,4.974274013609919,42.25362293767684
425,-0.5264267431310792,6.143941935861262,55.99841646122137
426,-0.48172448754254305,3.681936427057175,18.855185219010156
427,-1.0535405429110147,3.9959948194550856,21.592741746178014
428,0.013514085316277402,3.1288927397281086,16.03493077471613
429,4.469688073690733,-1.878741094263376,4.738033727376688
430,-2.709252531403509,-2.6057076480128814,14.705466413449802
431,1.0939856978398668,-1.1069797943995259,2.276161922329213
432,-0.31211668114683544,-0.02535341303885197,1.892015857062804
433,4.336904331447766,0.7014286713861266,7.404557253794206
434,1.8066007194799028,3.6844496138708474,25.098529814076905
435,-3.1141607261455984,5.319050187655096,37.46371335755062
436,4.974118546762671,-2.250485209123286,8.702489000415168
437,-4.62101067351898,-2.798867162639092,22.350426612913626
438,4.755435380235651,0.6300833215332173,8.6049527222146
439,4.744505314420778,3.4393463080141844,31.119094753777688
440,1.0312670817925689,1.5138874556724593,5.459927447117206
441,3.4841398266101873,3.8028078634517755,31.277117315647722
442,2.8995336062043506,2.600941262590938,15.470454917423705
443,1.9496746567494778,6.680137343177037,76.63334079265755
444,-1.9734226131516341,3.3388733954817775,15.146108175871236
445,-0.786723092277879,0.18380707780095307,-1.5356946134663254
446,-0.47149697176106464,-1.1128627452261681,1.9540028431606578
447,-4.740344940862076,4.554959981573452,26.592979647665185
448,4.844475709590286,3.2510318284582223,29.97165119731732
449,1.4843298597815267,0.5849148413874508,1.42716686959076
450,-1.8091424441078505,-1.645923649892553,5.204325452717733
451,1.589066664253509,6.660267480301748,73.31485850598662
452,-4.111829729136999,-1.5458220537745067,8.986990552009795
453,0.12393527701907026,5.703994556726762,47.83061540637896
454,2.3283896737798484,6.085933560937487,63.81035640547794
455,-0.3365602938880503,3.5016018075836435,18.096503346602233
456,-0.3356599233565216,0.057989507500582516,0.19123609436847216
457,1.8498737030643273,1.9656164542991874,10.565448465970436
458,1.2651183559715617,1.8550031672898104,7.301216856060913
459,-0.3757698145765893,1.9562270151810095,5.091881872929376
460,0.6107501932292392,4.909343422723763,37.53566819646998
461,-1.4938366878943379,2.1312140998925573,6.368137507493156
462,-0.9279949016772013,6.0560264421663295,53.38911290000533
463,0.987853537918232,-0.586179627435965,0.8530135468492098
464,4.5913161659333,2.786290122850838,21.876057414803036
465,0.10325605175146535,-0.9599428130593441,1.4235245878425835
466,-0.2162739707098824,4.043318744367615,23.00962146065432
467,-1.6863296400474415,1.765630770288456,3.7524970049019672
468,-4.880212484316743,4.350359827822002,27.442734130003515
469,-2.34895981370871,-1.7754636839190525,7.09209265492132
470,-3.0218479812640595,-0.5740024628185387,2.578974617939635
471,-2.119090949447997,6.645367681347105,60.66539761715625
472,-4.982792812775512,1.124453033028682,6.976228909530016
473,-1.6833783410924807,4.364281703018559,26.87873093529146
474,2.105473502957084,-0.4805587080322198,0.8952810539037972
475,0.9213894147207888,0.830862758577779,0.34818224292813893
476,0.8704969023928824,2.867922952201482,13.525365982152357
477,0.670864696799546,6.006261145229704,56.281411965157346
478,-0.47849317933805935,5.745883428369362,49.5829598184678
479,3.7885545197734007,-1.3893780579853805,3.756405663391378
480,2.1065964986468178,4.817212365785528,41.3450142479359
481,3.806954332888278,1.2041346853292136,8.702532249137127
482,-1.5517278288459488,2.358619772442715,7.666681194876428
483,2.3598863722469785,4.5604777904315155,37.37000550717127
484,-1.3959230851626625,0.08936076363073209,-0.16892890180568335
485,4.882543147231003,0.468315313503072,6.511451732699723
486,-4.419389825135282,-0.07551490543211514,5.377596137412878
487,-2.8418845863230233,1.9831110993766305,5.4492723480886625
488,3.4882486031050277,-0.18139626537269704,0.5429245049221589
489,-0.6068531753693209,0.9372398002065045,-0.2910833414066174
490,1.6618991219722279,-1.1033034042434637,3.225643585591659
491,-2.9898966154118813,-2.466188797789373,14.070220697683773
492,1.3924612875671185,1.9176351168320238,7.974869411074657
493,0.4913895294547075,-1.1523993166855135,1.7764365610556336
494,3.981676842125946,5.217359544116466,55.63947729039753
495,-3.2566830093291443,5.527499853183615,42.21419749518559
496,-2.2749719635492105,-0.6556905319033932,3.3565176041812386
497,1.9151300574883745,4.83449496066817,41.437093006728176
498,-2.51263241284877,3.5466779155577592,16.04756673163861
499,2.8046741376998625,1.4851448689591695,8.839844355692215
500,-0.2893642711964368,2.7473946064757717,12.340918558973112
501,4.551231076303276,-1.5216547726444103,4.881174495784122
502,2.5008961076851666,2.842907768776495,18.033386950799486
503,-2.300459835753835,6.707394505313978,62.8588450105733
504,-0.26722449637128687,1.0545767094560983,2.5868528116226224
505,0.7997129530156002,-2.5439852054659657,10.870692233796113
506,-0.21497554924077544,-0.18457528154095693,-2.2107161977398566
507,-0.23114652062808805,-0.9768548538772253,-1.3809954128689452
508,-2.419498750336829,6.955946123034705,67.84940851651278
509,0.06130698798429002,2.119224077196054,6.5625300565332445
510,2.8142807539278483,5.825345305973061,60.462541140516585
511,-4.449323851325225,4.14861129762526,24.11611325505245
512,-3.776859888856844,3.965063166780997,20.682698478286785
513,0.25053435216855213,5.958440579589217,53.647717471499995
514,-4.927760027461099,-1.957912923463558,16.47215408276555
515,1.2276078728782895,1.114270214558359,3.50378391590341
516,-1.8188252980468524,-2.899148644073116,17.79084892370385
517,0.5884724990158894,-2.093205926254239,5.936875902862281
518,-4.03864343224045,5.251445703361037,36.42695398396376
519,-1.7735221041038098,-2.7089383275494248,11.720685521207717
520,-1.244756670608825,-2.49106742071966,12.197719736583203
521,0.2690694350906817,5.800305300763188,51.61343393301363
522,-2.4891421556921256,-1.9909234634288626,9.610078468312004
523,-0.8435209861114776,-0.7428343929918109,-0.17604010642984336
524,-2.0693517054412447,3.0426663638429545,11.220924200765115
525,-1.9159764673651902,4.268475237979187,24.35567375852473
526,3.2539396064916364,2.425566680159384,15.98286353502751
527,-3.235458107447362,-2.2867051341359397,14.361800608102868
528,-2.2928344949760637,1.7324987770760663,4.380743653029231
529,-2.1226058227940072,3.991288203901595,22.232849071936094
530,0.4036020095366455,0.5328365105438451,1.757558132622636
531,-3.707089015527213,1.358982730512845,5.7582611930232845
532,-0.5524481614799193,0.28326971532359213,-0.5506798142033024
533,3.2445540539730064,-0.7964288473771335,0.9779122109616218
534,2.5527867257017736,-2.5594965322216807,9.946270587702111
535,-3.715752675161484,-2.380750892284999,15.843745872577585
536,-4.933771918243782,-1.8222076338775857,16.793310285241056
537,4.388204780620422,2.8677476265514663,23.71830319342117
538,-2.9724240870320298,1.3788484465712783,3.3285041422216577
539,-1.029696405221665,0.9018040760072905,1.375654199454603
540,1.9998384488320218,5.075088850203187,45.0444399402014
541,4.262459491780717,-1.7923669944609573,5.632382410590048
542,1.5454241294589144,-1.1951337883961928,0.5572439756933201
543,-1.0231654113580557,4.50671688521896,29.012601840050007
544,-2.6489054970397765,-0.7571239089082713,4.8593102557962276
545,-4.469798590511611,-2.217526016102072,18.0944895374706
546,-4.841425954221612,0.20888604037918412,6.33296907697426
547,0.6613053417829953,0.33849952623441837,1.2294676732112666
548,-0.8038841739188634,0.051890962141279307,-0.5377487612943375
549,-0.26812211225548754,0.9094308066268413,0.7449576514895764
550,-3.843162458122543,4.66126841991491,29.73716015192639
551,-4.738233302003161,-0.12331740836841476,7.939959071444078
552,1.7028703153285294,-0.22601284502743724,2.4489875212624765
553,3.65300019368291,-0.0732865879276261,3.6806619688822475
554,-4.569859852574643,5.409623222590675,40.09468137611481
555,2.2780513352964267,-0.17190740254682968,3.128633240589693
556,-3.538389631010681,0.7329199537736955,1.6723945473128996
557,3.0015140207787834,-1.114658756612677,2.9197382284134283
558,3.9998134147390196,0.06840382209953244,5.744101023432158
559,-4.461127656394047,5.14357354443154,37.37975853485766
560,-1.1026167496493589,-0.28532619486547883,0.451354042014815
561,-0.31988656635454227,-2.864090679892649,11.784957108480707
562,-3.263850198645366,-2.9182860137357665,19.041089464066363
563,3.5738005016638823,5.957754795556772,67.14054058774855
564,0.5934636793379022,-1.4479506631561152,1.6137194113712272
565,-1.8474031233917487,0.382179419443748,-1.0126110680818052
566,1.0428545925416763,-1.1575098834124549,1.7584950372156525
567,-4.192509994649987,0.7420136392591683,4.917749450946564
568,-2.5308699112896624,5.383490166311079,39.32083320295563
569,-4.913340013408039,-0.7333506018624263,9.66672232665497
570,-4.810299293716037,5.503516394641977,41.463045246525084
571,-4.901181227504407,3.799281100006473,22.20260215077927
572,-4.7694453283775795,6.967331568848328,65.48302492792024
573,3.2821816765462657,-0.5763262561581843,1.4897257843820886
574,-3.5781209492707564,5.2168307583474505,35.07586429712563
575,-2.8737673471888368,6.889054051576117,64.40844590933594
576,-3.530901351850976,-0.9513940647181549,7.627078599019845
577,-3.6208055426002685,0.2355387266524973,3.314119825525849
578,-1.8682277055663246,2.86399730654321,10.29454891595973
579,4.937631562457,5.316250326047811,60.96205589971572
580,4.59075032306842,5.340828140412164,60.64828933098331
581,-2.476326108939828,0.2396397333282536,1.938467471940648
582,-1.2720726357499732,2.372731416320632,6.349121478242285
583,0.9467105758310126,-0.8080177593877265,1.0118921573626878
584,-3.7647580006299517,-1.7485043651073624,11.340847296946682
585,0.15096596888816816,1.4767441861150914,4.326778128782428
586,-1.941053996976815,4.806416779345616,33.11121988802628
587,3.11453036901929,2.060194895926924,11.798378299209826
588,2.0638159802245255,5.415031226157572,51.42306672657453
589,-4.938260886899731,-1.7229273535974616,14.854542077805176
590,-0.48233121735944184,-1.7657323733065762,3.3180991680758334
591,-2.5128328334022463,0.5830199251124428,1.8587899734677968
592,3.3583284624879752,-1.6393056023282266,4.75254763658113
593,1.2303019306375385,-0.8461509597582655,0.9997438358037928
594,0.3283871406233816,5.702255622571018,51.327048737661876
595,-2.0794949078297256,-0.8963652256376338,3.7671173369298216
596,-4.520613595189661,4.063131748136087,23.894780454035647
597,3.863027567793649,3.9162546826328155,33.32018102954287
598,-4.019211585028524,6.257480734549837,50.948203457212784
599,2.0428284366883123,-1.2180808690167229,2.809643281299198
600,2.014080504680159,6.13472021494403,65.2284496426462
601,-2.392904275556419,-0.8186422309208305,4.329142263025598
602,4.124275701919332,4.996895499396732,51.69930100805081
603,-4.630236208963401,0.16912706244031206,7.871977218922272
604,1.3635717505258889,0.8430229237905031,3.6337167711750467
605,-0.623229118676325,-1.2704173639087875,1.026363400404229
606,4.987940889515791,0.6612230305347184,8.241347483551735
607,1.2975122444949303,1.018231739251565,2.347854545186072
608,3.489626762566367,2.5375830242221564,16.697954390754788
609,4.789411625316131,4.1395967129531,41.725258563687774
610,-4.084451217111734,5.582922722222804,40.63676470096328
611,-0.39336769151172746,-0.20722808949801008,-0.949355856181564
612,-4.631237805484993,3.857119349496572,19.517846131557352
613,-4.911001720957975,2.6432470378681288,12.864836076853011
614,-0.6475210483185574,6.0956242832984096,55.4961452192826
615,-3.738946467586457,5.537109052648965,41.19113208130966
616,-3.4692339082834103,2.44742224097231,8.106806900199958
617,-0.582267572703616,6.870615872427944,69.71713909685982
618,1.2328415416269216,5.070760430796334,41.626391068748525
619,2.3451912118243214,1.2835740997342322,7.093519272951161
620,4.518360859910022,5.535759768441027,63.180300283152306
621,-1.7768352252218635,-2.6434853112616192,12.154799154045719
622,2.458775590911011,1.615292450011376,7.601456031966155
623,2.3399953731460563,2.40545869264733,13.525373813934943
624,-0.7130827370009252,4.585320493206394,29.24106217791223
625,-3.886666374958616,-0.01846647277633684,2.1707085434526836
626,0.09419643359342267,3.4250050209730976,18.398439727126103
627,1.0627166663273062,0.15886692954856052,0.8066923298940433
628,3.744898904492768,5.205812921570919,53.14731658243565
629,1.1682317845057284,-1.248681486725531,1.924146994903741
630,-1.4383438764348266,1.5659960293502202,4.026700211599064
631,1.6692081292439074,5.796163020599938,56.19568826881706
632,1.6483066611110804,-0.14543481540143333,1.167086303358726
633,-2.24000434901801,1.2718709599989975,1.3174434705042182
634,1.234309032584953,-1.7617787051041274,3.8253437141371016
635,-4.012392142966402,1.951459328605802,6.6064934906702835
636,-3.279294456303208,-1.3644337409658998,7.629183619871773
637,2.791978831276868,-2.5610602823226154,10.265437402791681
638,0.5099137486246352,0.3974544583383901,0.4314211497930668
639,-3.9880866471045264,-0.10538948816083238,5.650429774265579
640,-4.000361736051018,1.8848902340857965,7.731395627331789
641,-3.8052752422994485,-0.3859043718042203,5.952056592644525
642,1.381577036857502,2.4179202527730883,10.824366429234669
643,-2.3845681613183345,1.1816234129317866,0.6860194210792785
644,-1.5656430354045794,5.09411303469785,35.93356216790222
645,1.166522539232595,-2.5249844119263605,9.202613320959397
646,-3.3656955564127067,3.438949756055642,15.248167813621178
647,1.9779654650058722,2.868121527955065,15.761915038579497
648,-4.101550569181244,0.435759891487443,4.782181972872955
649,-4.515003228723718,6.903757707985131,63.41703477583927
650,-3.3087824536052324,4.819467296910472,31.165963692338643
651,0.012180829206334565,0.8801905177171827,1.1391356261287744
652,-4.433911052947672,3.6803279227789725,19.680165096215138
653,-1.6469379028969913,0.9858277252847674,1.4905421724446435
654,4.351413522688706,6.288607412186023,76.46404095179038
655,-1.2806360364021296,1.1249120177687004,2.638533956107695
656,2.593011750134245,5.855914695643213,59.80350323343374
657,-3.2939544615419445,4.9769951951101215,32.62155050325214
658,-2.774199317753283,3.377072592184838,13.686366406388764
659,-2.0757239606266276,4.426656715012372,25.871468026421347
660,-4.381789540127335,2.256521616761674,9.174727082654483
661,-3.3701882313884712,0.002684677418296033,4.3519262372378895
662,2.496943877995866,-1.7210875103785657,6.741196060091817
663,-0.8655377605406036,3.5342756564122357,18.957031691638583
664,-2.6834400525759783,5.728631542884365,45.582438781357936
665,-4.98053152285765,-0.470322354041532,9.276414169899267
666,-0.7668206353590179,5.618617673161856,46.10979714660083
667,-3.2079144765851284,1.450530125579931,5.712228400545386
668,2.5998691358329165,5.70860256091969,57.613765643601084
669,1.3889493258073093,6.486148085554925,69.08283816185796
670,-0.24787651561078583,0.38222729889130136,-0.40902344471518537
671,4.797290298295589,1.1338847382819077,10.569187118879421
672,4.603488008047279,6.697613413089865,88.68095783749843
673,-1.2449052969871701,0.9879213970660645,-0.8076630445049535
674,2.1753122820403874,0.5438780670764913,4.096337910932849
675,2.142644810617414,6.385489507834961,69.59119569340287
676,-4.237124365981643,5.265949999967088,39.37905703151366
677,2.5364715302148824,1.1253737832113,5.642366839749762
678,3.6464782558348094,2.50405880683849,18.100587318286173
679,4.928125403585764,3.398614714953138,31.796860414591652
680,2.8309082081841543,5.199558522342151,52.51561918232385
681,-4.891154395911497,-2.5071696301390696,19.021575513307756
682,3.7938452949623205,4.704302438479366,44.72126736329425
683,-0.494980957025132,-2.2028563230820657,8.082775048715666
684,-0.4843328880339639,3.75964535916121,20.826685393950356
685,4.253855710764414,-1.644841723868022,6.588060234497041
686,0.6373946272103499,-0.896105128174268,2.6495283542993624
687,4.813355428645133,3.2606039700378266,28.565348732635346
688,3.971446869045195,4.530727299748149,43.21984141206334
689,-1.230885173450631,1.5457416676120355,2.2569896633323525
690,2.6624565215681866,-2.772501841617908,9.694839057191428
691,-2.6219480692654806,0.5713284710307569,0.9385362752205304
692,-1.368710559504045,-1.8720474523600457,6.336851699236485
693,3.537160075477356,0.7771623009026634,8.132425682290373
694,1.7375435992261785,-0.5635551453958061,1.8926929583010952
695,4.896840827808971,2.0814935918847093,16.10923651845933
696,-1.8223684965216904,-2.186912170174005,10.220269993927909
697,-4.496454657882323,-0.6714287176706462,7.060830746371204
698,0.9291691696813729,6.656115440736389,70.23495699024863
699,2.192920774374352,-1.291124750854938,4.654336126374798
700,-3.283077687616961,4.965653393408814,33.642389045860206
701,3.500191867054806,5.912157363960821,65.05061489648764
702,1.7068476609565533,2.050179783255082,7.852799850352385
703,2.7281513655596514,6.429344539099734,74.80054435047325
704,-3.737870465725549,5.03833412763978,35.264463130603374
705,-4.097414131723946,5.494349013858631,38.059651019810985
706,-2.1503687907641664,0.44875911573405913,1.635937071235381
707,-0.8144506427956602,2.744661618231371,8.723957312895196
708,-1.7842776885017555,-2.981873708468304,15.825722377674206
709,3.5389583971249223,6.183934691954015,71.7254243724384
710,-3.789601887622255,-2.7797095084431627,17.905041918493005
711,-1.9178932771007617,-1.7896777197151466,5.742085529812483
712,-1.6970098786140397,4.795587744628144,31.41161496002019
713,-1.344510182633253,1.4859488730884998,1.8393275033854302
714,-0.39936929851564074,-1.4683005667950983,2.0749141544788987
715,-3.906161247216604,-0.7086953425220561,6.346140021701567
716,-0.41338999719766,2.8768133128705013,10.530205465625516
717,-3.8089826595345047,5.24098530096755,35.77862228077538
718,2.421631913230314,6.0181153044196325,63.91869136436085
719,4.807202429773312,1.7989074694813887,12.494171613065909
720,1.0814696621815232,-2.9958395529465394,13.53405227835055
721,0.7589566799785672,-2.240197929263949,7.900861021831842
722,-3.460411900262214,-0.8158375174795913,4.400486294085349
723,1.2918116385784302,-2.3586811875922074,7.609389823214161
724,1.3888351623637636,-1.4173772066463903,3.3781476643045716
725,-3.100314883408688,1.3676272349182108,4.362264134836858
726,1.5718464663375498,5.558635327165485,51.410907141925485
727,4.678863681095823,2.968587401905385,24.224903173672775
728,-0.5501259926321005,1.1273111400324778,-0.26928924563583245
729,-1.2892746160357693,3.8157851882077676,20.613024302614818
730,-1.353666884302286,-1.9481479314053558,8.297633746532101
731,-3.6435298279875794,1.2455902696142909,3.798246093306669
732,-4.420133919277576,1.4212442058639727,4.398077535659416
733,3.798434237060947,4.867954802823634,49.66823120784243
734,-3.449753224888441,-2.3065621483139047,12.167100623495532
735,-1.423339604347511,0.0017741547215748277,-0.5099451376672706
736,-0.626510299891323,-1.959379646689799,4.676043918121532
737,0.7927021651934885,-1.9328551172683868,5.646526318116076
738,4.005865401334088,1.414422349216304,11.72093184821458
739,2.638118323917716,-0.6769097743226986,1.6570670879848943
740,4.9079440957861085,-1.606397498360021,6.867392569024302
741,4.590245332275428,2.732105646098111,19.829326107992674
742,-2.649072254540873,-0.0988024760109294,2.3698170546257793
743,-4.20390637611344,5.8662960305982885,46.8732176211591
744,-4.85753728045794,6.36179729073984,55.06923505839582
745,1.3297149305169533,-2.4958674320372314,7.06780840799635
746,0.3132714603576767,6.906139396570513,73.97197367496116
747,4.638974655401057,6.8333322760330795,92.48264002557114
748,3.095660634431118,0.9595030979232959,5.667293559660651
749,-4.655727497671075,3.7208799766772493,19.077386209955115
750,3.3331485803319065,1.2474108968342446,6.443463283683691
751,0.9397296725806772,1.3252038051371393,4.771993662169115
752,-2.056889808256166,-0.7227922377122473,2.0115242088892473
753,-1.2216669704616487,-1.104140102417493,2.072839292571595
754,-4.664554529823094,1.2686759018290967,5.617548065966195
755,-3.0285287336104227,1.570206266589615,3.6466586608645377
756,4.972699918175781,0.11618591287092261,5.926647384883504
757,-3.31709934964001,6.2249633262718085,53.4422818998106
758,-0.5914288203481881,-0.5457535519709893,2.430625317484728
759,3.6801003744992293,-2.4767096671549336,9.793145961439368
760,-3.953826161242352,2.390233681956845,8.037727255484578
761,-4.7886981908844275,0.18946158166770966,4.483780990840279
762,4.871160572133903,3.319517048948084,30.139368640004502
763,0.6744131579380479,-2.113753757602244,8.243559088473477
764,-1.1212385075472775,1.9261358355235698,4.86881246002268
765,-0.971918359584877,3.3993516035769957,16.801545836604934
766,-4.465004551099834,-1.8482554643088185,13.224328560949747
767,1.9517062745992888,2.8994337440944324,16.597347295788115
768,-1.5225902672937188,3.009144310147084,12.177603332467598
769,3.6314667001999688,3.9226703923881674,32.60632796789169
770,-3.2164005728253575,-1.8253966890961166,10.40947557683682
771,4.2862940077807,3.319985703213745,27.770650356254993
772,-2.9496011419825727,6.66876762381432,60.87546516951528
773,2.864052322027395,6.2409330818044815,72.1327079337464
774,-3.0608288784635773,1.0661504146763168,3.4016183109094977
775,0.8630825485667062,5.8381328039553075,54.97825932312292
776,-2.4878436417544805,-2.9297712500997006,16.414625564988587
777,1.1524806005635515,6.59057232422702,70.24846239498636
778,3.5617306239919557,1.819527204455004,11.130679553868097
779,4.4221806118470735,-0.08405461745013731,5.111689674819099
780,2.855305782974452,1.1486641056502913,4.815006816878542
781,0.8709520304348821,4.267050426978267,29.602593174926234
782,-2.4413416826062373,5.798948083158084,44.90515420544526
783,4.648804243502337,-0.15072899506397963,4.291734053423463
784,-2.0731462769099673,2.5518640074863708,8.949314221680645
785,4.571471060955698,4.115611026579628,40.72956664686944
786,1.4837936772893334,3.1957939141765364,18.75391091423052
787,-0.9665864975062544,5.473506380704249,42.83467819605006
788,0.47892747283220327,6.617443251944994,68.53962667838204
789,3.107171087360932,0.43589780312870463,3.555523313480853
790,-0.6552468337017645,-0.7480342998453922,-1.568434488824591
791,-1.807306190742033,-1.198711426779156,4.961598599923223
792,-0.9940352284504392,2.280339460452298,6.261687531497495
793,-1.8407806305696859,5.590186275288644,42.599197228981915
794,-3.5716901884584376,6.958777903009215,66.23545534184073
795,4.832374639579886,6.863861793804741,92.159958364687
796,0.9517353229517873,4.404012342966948,31.002299681856424
797,-3.986813531225594,0.2750143040977697,4.715351849624419
798,1.3793787016515688,-0.31864090504749853,1.7345659944533414
799,4.665039691105598,4.104883650176829,38.30234339170538
800,4.801536062274231,3.131705574000941,25.199693185940603
801,3.1973506733131867,-2.8003583178963583,10.93234759143993
802,4.15511676547958,0.6518329506185001,6.769889952289887
803,-4.595420099320394,2.4978444508818223,10.86060651455923
804,-0.5672155224516757,4.797479987641688,33.261448939708956
805,3.9187859126357374,2.577615546739035,20.055941300546305
806,0.0269566827533696,2.8745250462222494,12.670768905724648
807,3.995685078552853,0.23038817531605815,4.788768499276052
808,4.356443184564327,-1.4705330650948518,6.1548383231242205
809,-2.989618000295806,5.615770750192272,43.866398619483974
810,-1.0001529032548682,6.485035304593826,60.012555738790915
811,-1.2851400104592203,6.6334706708247,61.71085769377798
812,2.7648928117942564,3.1916054364602697,22.56692657817412
813,-0.9988645657396269,5.760459241319799,46.54566385191085
814,0.06824709448858801,2.26837858317573,7.261589234587298
815,1.8113890776928834,4.917351519250459,42.69029787903382
816,0.26898971554297546,5.911498250901113,52.94468213427577
817,4.94303357312994,1.2799405581130987,9.561740241611995
818,4.466469196980157,-0.8890656781607769,5.585568663359423
819,1.266947097276999,-1.5810799970540985,4.222105436429067
820,-2.737293092274867,-1.9090364197674987,8.195373200313544
821,-0.8240246750162763,3.3734031303281844,15.460402431329042
822,-0.6094857750344538,3.806232482128266,20.716311366441655
823,0.3188283955139868,4.511812616092453,30.79889481440067
824,-4.892535106129752,2.4461877275061443,10.633393631545811
825,0.021315535216020365,2.5285950940086064,8.363462903004578
826,-2.8707203933928396,-0.5997043432422142,2.7711668083935788
827,-4.266144579364738,1.8121327248915087,7.60092004945356
828,4.136323664952291,3.575578777826193,29.853513875471474
829,0.018694082394814515,-1.6682757333417093,2.547807827178419
830,1.4237542580456122,-2.7565065291355046,10.459040234163146
831,-4.04950421271754,0.4589285949218107,4.5593167951466755
832,-0.11891758309504485,3.7874974458513693,20.758904180136412
833,-4.162913891266315,-0.599058906191126,4.3953755735438955
834,-2.4188255752584698,-1.181297259095076,5.24135007780355
835,-1.1992487337083038,5.958471746369813,52.126812705584996
836,-0.8110348769970592,-0.9304513622580086,1.9134869836917132
837,-3.527382711767395,5.320427962360936,38.32514975673459
838,-4.731985129560244,3.607593013753518,18.615894425361756
839,-1.4623727669949513,-1.6557835822521623,4.95694642682833
840,0.2689271216002078,2.5950635800478663,11.087285481475766
841,2.871106753534944,-2.508970703386593,8.394577858907882
842,1.4963594008779388,4.355908207188913,33.64869435829785
843,-1.6356991496666549,1.5265683196666302,2.750689131492164
844,-1.2298506251783579,6.480756340899008,60.05365342267606
845,4.248663562267122,-2.6971659638058894,10.949470670905727
846,-4.972118152337492,-2.0215495057434234,17.074265315639074
847,-1.0098522447080418,0.0011873165949221054,-0.7077810384846752
848,-4.252791610004128,4.578566237404458,28.987170491038896
849,-2.162539912265735,-1.8882715051286754,9.101938758931572
850,3.8795693892931418,-0.05849024707025574,5.7053875024091765
851,1.02172388867975,0.35894663575079466,1.94762327349902
852,1.32504308371111,4.796597350770099,39.01803863290292
853,-3.6918820779642414,-2.5819182106004233,15.994290190750975
854,1.2890935383074584,2.0309201779995263,8.028147595830372
855,-1.0801395628703405,3.9273412489459343,22.70658678410081
856,2.504124064459549,1.0306634443165663,3.408184097274863
857,3.5653183075112818,0.8993179115414023,6.016149518442447
858,-4.475399360298496,0.10363998321439905,4.982218197071818
859,-1.086527055180225,6.575824713979694,63.00152183421881
860,-1.5458100560136234,-0.8106545145629616,1.859204806478926
861,0.6951536883344094,0.39844614269686485,-0.13290677120907868
862,-2.1183283107141557,1.16169346487594,1.2795982730379434
863,-0.7737821172381363,3.5563955497423567,17.365299504231853
864,4.612469034268194,5.544890190629616,62.64971665192825
865,-2.4605778903059905,5.665572240779262,46.087541595073276
866,-1.562624952894537,-1.59049879337218,3.2592476207235155
867,2.2304415804840865,0.7973283452919926,3.367525276979338
868,-1.4347097091875205,3.0393376354623474,11.951918559593395
869,1.0759991798291768,-1.8488596527386798,4.993670249154206
870,3.1011477549158393,-0.4906615210156948,3.988381829903246
871,2.5227297159710673,-2.9458229803905365,11.710013238806807
872,4.261432784865317,-2.7495340588514114,9.899682458488591
873,-0.049421600447757896,-2.7725662814764735,12.50355449174064
874,-4.592460975115555,2.003700720722292,8.828913230324934
875,-2.1162878166197228,-0.6313487720060968,1.1586797571787235
876,-3.5110066597963563,5.910553548485451,47.652891058637955
877,-1.3297358800567305,-2.419776211789915,10.380908593290275
878,4.40160937671455,-0.7470660612791589,4.832457039574138
879,-0.8108879976211325,-1.743626110026882,5.881518709978773
880,3.5959998084330937,-0.7015293945592447,2.8462411272156465
881,4.545883705147503,2.6303837241065846,20.595978909335418
882,-1.1928485724274096,0.3681134077392394,-0.22830957060117374
883,-0.19944791469115764,2.05267956266474,6.867356135495014
884,-4.50179405214538,-1.9966774094583701,15.902765996140348
885,1.263558869337218,4.890813334859088,41.270448253510054
886,-4.43523499014246,5.818915102755444,46.15819995838951
887,0.4571302405030906,1.362355564111641,2.360771772770301
888,4.3823150209039685,1.7965377979039694,13.855604508553899
889,0.8153068864513422,4.157181129022066,28.439095646389518
890,3.883208278359101,-1.6055187618003293,5.829489425865061
891,2.5897515203311494,-2.896219194978868,11.413273325063289
892,-4.903989759552266,1.2390227697036797,8.871010855204878
893,-2.5976968684376365,2.3750506111629273,7.53710613183113
894,-4.479057833677748,3.645019033077592,18.19087378164737
895,3.612158811199123,1.5272487621563382,10.54129389635963
896,-3.6254226233041864,3.427058072636801,15.684625235208564
897,-2.6281044408755783,4.572262433881373,27.686539049470973
898,-3.5213516558687132,5.710083302397573,43.254100596708426
899,-2.842584610497024,6.5279548629476345,58.62980783933495
900,-2.8965032988509307,2.7200932775407045,10.087809287396766
901,-2.757721746231688,0.46778237891685936,1.648344467669425
902,-4.145521220539903,-1.8610332766666622,13.554922543946745
903,-1.2229936379756392,6.2453620571074016,56.29579276566189
904,-3.6027669446499155,1.5011045830115082,8.139116089061318
905,0.5258871422704106,6.412796198492979,62.70246440333433
906,-4.382555993504918,1.4337579091628818,7.415048845085986
907,4.291473497472863,3.731909191585231,33.922731184741
908,-4.343674177150419,5.191414125013363,37.34778263995672
909,1.6250364158874895,6.296156637582515,67.47888642296923
910,-3.015200872723418,1.2281570804854116,3.430673600829647
911,-4.687715861441931,3.581382721561095,18.701189709680442
912,-4.912863091358179,-0.7945601821325852,9.279402219388976
913,1.9059512998001429,3.0621017601053655,18.81910030048295
914,-0.7462760645087627,1.1426471092372061,2.2796487131799568
915,2.2047980948804486,5.670226226277842,57.53400380683015
916,1.7966126152792592,0.48468867668736193,1.5952291299814911
917,3.380599085486839,6.5684632979590525,80.73217153539184
918,-4.040742414798059,4.6902109175696465,29.40123355703542
919,3.2857458291897252,3.6914605871460866,28.850878243679613
920,-1.7451450932147985,-0.4820459123266603,1.2036983333578528
921,-4.053647278011101,-2.264691991882911,15.843775059181143
922,3.2923917367232143,5.716874933918639,61.77551172831637
923,3.160137868166238,2.268094287044419,12.34212000383895
924,-3.1298432109553143,-1.12678980034244,5.525870624364517
925,2.379481958392983,5.105148702499372,45.473388546832936
926,2.280353430963702,0.5055951070546145,2.877954426079991
927,3.293269219246591,-0.8141024754091615,3.3349820266793824
928,-3.7234293311912037,-2.8323339933543172,18.166521664432832
929,-4.668457068374375,2.4586425900765274,11.1202323011003
930,-0.7170643724734429,4.596352884076816,30.150334433813367
931,-0.842253013559068,4.1268433178089685,23.47691443328761
932,2.183511606002602,3.2653600800261797,20.087106807471972
933,1.67837565573406,5.841476959671425,56.44098980663795
934,-0.34688165054266307,0.5406682436632941,0.9913599038921019
935,-4.8524179551246105,5.792667583580812,45.988089057593534
936,-2.9928373196588276,2.548755891664574,9.083085547306863
937,3.088845725031158,6.080943246250751,69.21243097296126
938,-4.313689007270739,6.513929597751984,56.050184712790866
939,-0.7953783480966816,-2.1536780241406204,5.685510360771435
940,-1.3769099212159155,-1.4732432403914504,5.068373774844493
941,0.04701724352970782,-0.1669871419553619,0.03011574242000529
942,3.2400232335702768,4.2068974933131615,36.24455357924214
943,-2.2903114342149653,0.7082513167658027,1.8189199767607365
944,0.39357054107114653,-1.063800139892554,1.1521577694400547
945,3.8765620951534814,-0.8753730182513948,3.4493190379788903
946,1.8935147306313862,5.875245659891839,59.4631382136446
947,-3.4941152667077056,0.12127174333600355,1.4475032433778512
948,3.6411008803046627,2.634737042253942,19.081640614755614
949,-1.1235395600649802,6.633491815454132,62.81010542762314
950,-0.9073901476199566,-1.9051036571994058,3.7516727122137126
951,-3.2566809375910113,-0.6608585207139623,3.247019902405542
952,-3.040175672316673,5.255912523947401,36.83907182105743
953,2.5193803422766923,-0.9575381587163863,2.7872867592927184
954,0.6122964617091275,-2.496628524146671,8.55918695844329
955,3.84341494244209,5.418686360628007,57.84548163379213
956,1.7845001099323907,4.648414659198805,37.09696757860592
957,4.02914867384432,-2.4502537944594023,7.819357728832313
958,-0.4021199373480444,6.73511337197532,69.56478498472707
959,2.599837038602658,1.282841461495389,6.3691269528904195
960,4.774775804299914,1.1837329986031833,10.611362883708162
961,1.3057184821923347,-2.870636275611202,10.115869361615339
962,2.092314305085269,-1.4395026624465352,4.154310870549045
963,-1.8976226196321022,6.564697645318535,60.66334958382357
964,4.349530687561774,-1.076699991094124,4.497521968739849
965,2.286153387597957,1.9088178404824614,9.756424928639584
966,-0.39212680739141437,6.49199296854672,61.75581957399712
967,4.270841437718833,5.758014703190508,67.36472420283296
968,4.262894445056311,-0.06844543235316003,5.177236887980146
969,2.326169681547129,-1.932087166306244,4.110499953604811
970,2.205924626522796,6.460591946177129,73.98712619085597
971,-0.605106333000645,6.497282302024356,61.81272840290943
972,2.3659322606944304,4.6204333008836835,36.73473532906547
973,4.648423721299782,5.029850354363235,54.48708917521397
974,-1.5751794305119757,3.1268200758155755,11.888036769749156
975,-1.3325514345291891,-0.7910445416366936,0.8493719429497486
976,4.252742653150261,3.3305490788605843,27.77195319345581
977,0.4768652294508815,4.428413264500763,31.098223175911222
978,-4.430176393686595,0.6598605322502573,6.624245045135101
979,-1.3644587644188744,-1.968815801827521,4.611315967679641
980,4.125491750040922,6.903322832779516,89.38633793305213
981,2.4713396900714564,-1.7887724539478396,5.300570170272979
982,4.79755422835999,6.175890428677528,76.882208696873
983,0.06008556528838582,-0.5991634918980857,-0.32828152810008326
984,-3.659305835592562,5.141967285600316,36.19140882183239
985,4.8201614423888355,-2.1286473290801795,8.357075722979728
986,-2.702338408294165,-1.3205889067847205,4.03276107552618
987,-4.9672765104879515,-2.9475297643444294,26.281639180206984
988,1.1352927098600833,-2.595249059558606,8.974584307862212
989,1.6848274755667596,3.3289403511273923,21.969333611052203
990,-0.49930755445462793,2.5807833541308893,8.233203826913135
991,-4.2146831024611515,6.69995275260057,60.8041256888099
992,-4.788834166658256,-0.8377186758544513,8.109237124382094
993,-0.018692276841036026,6.046409443400725,54.73034210065842
994,-2.0810476497155364,-2.5663578997952383,12.40025535870214
995,1.9272629982700433,5.6930971759051765,55.62483651391235
996,4.262754710491794,2.313418546694159,17.59755474468956
997,-1.645557844012302,0.5085478610354262,1.7231105587168862
998,-4.660326826817183,2.9508092100548913,15.87603470142756
999,-2.13151075363243,3.1016994862637635,12.077373488936246
